<?xml version="1.0" encoding="UTF-8"?>
<feature
      id="org.eclipse.orion.server.authentication.feature"
      label="%featureName"
      version="6.0.0.v20140606-2218"
      provider-name="%providerName"
      plugin="org.eclipse.orion.server.authentication">

   <description>
      %description
   </description>

   <copyright>
      %copyright
   </copyright>

   <license url="%licenseURL">
      %license
   </license>

   <requires>
      <import feature="org.eclipse.orion.server.feature" version="6.0.0.qualifier"/>
   </requires>

   <plugin
         id="org.cyberneko.html"
         download-size="131"
         install-size="268"
         version="1.9.14.v201105210654"/>

   <plugin
         id="org.openid4java"
         download-size="197"
         install-size="413"
         version="0.9.5.v201105210655"/>

   <plugin
         id="org.eclipse.orion.server.authentication"
         download-size="56"
         install-size="104"
         version="1.0.0.v20140606-2218"
         unpack="false"/>

</feature>
