<?xml version='1.0' encoding='UTF-8'?>
<?artifactRepository version='1.1.0'?>
<repository name='Bundle pool' type='org.eclipse.equinox.p2.artifact.repository.simpleRepository' version='1'>
  <properties size='2'>
    <property name='p2.system' value='true'/>
    <property name='p2.timestamp' value='1404009555708'/>
  </properties>
  <mappings size='3'>
    <rule filter='(&amp; (classifier=osgi.bundle))' output='${repoUrl}/plugins/${id}_${version}.jar'/>
    <rule filter='(&amp; (classifier=binary))' output='${repoUrl}/binary/${id}_${version}'/>
    <rule filter='(&amp; (classifier=org.eclipse.update.feature))' output='${repoUrl}/features/${id}_${version}.jar'/>
  </mappings>
  <artifacts size='115'>
    <artifact classifier='osgi.bundle' id='org.apache.lucene.spellchecker' version='3.5.0.v20120725-1805'>
      <properties size='1'>
        <property name='download.size' value='74282'/>
      </properties>
    </artifact>
    <artifact classifier='org.eclipse.update.feature' id='org.eclipse.orion.server.feature' version='6.0.0.v20140626-1421'>
      <properties size='1'>
        <property name='download.size' value='20105'/>
      </properties>
      <repositoryProperties size='1'>
        <property name='artifact.folder' value='true'/>
      </repositoryProperties>
    </artifact>
    <artifact classifier='osgi.bundle' id='org.apache.lucene.highlighter' version='3.5.0.v20121015-1317'>
      <properties size='1'>
        <property name='download.size' value='100463'/>
      </properties>
    </artifact>
    <artifact classifier='osgi.bundle' id='org.eclipse.orion.server.configurator' version='1.0.0.v20140617-0916'>
      <properties size='1'>
        <property name='download.size' value='26481'/>
      </properties>
      <repositoryProperties size='1'>
        <property name='artifact.folder' value='true'/>
      </repositoryProperties>
    </artifact>
    <artifact classifier='osgi.bundle' id='org.apache.felix.gogo.runtime' version='0.10.0.v201209301036'>
      <properties size='1'>
        <property name='download.size' value='80249'/>
      </properties>
    </artifact>
    <artifact classifier='osgi.bundle' id='com.jcraft.jsch' version='0.1.50.v201403120620'>
      <properties size='1'>
        <property name='download.size' value='265733'/>
      </properties>
    </artifact>
    <artifact classifier='osgi.bundle' id='ch.qos.logback.core' version='1.0.7.v20121108-1250'>
      <properties size='1'>
        <property name='download.size' value='389975'/>
      </properties>
    </artifact>
    <artifact classifier='osgi.bundle' id='javaewah' version='0.7.9.v201401101600'>
      <properties size='1'>
        <property name='download.size' value='141269'/>
      </properties>
    </artifact>
    <artifact classifier='osgi.bundle' id='org.eclipse.orion.client.webtools' version='1.0.0.v20140629-0222'>
      <properties size='1'>
        <property name='download.size' value='307136'/>
      </properties>
    </artifact>
    <artifact classifier='osgi.bundle' id='org.apache.lucene.memory' version='3.5.0.v20120725-1805'>
      <properties size='1'>
        <property name='download.size' value='38762'/>
      </properties>
    </artifact>
    <artifact classifier='osgi.bundle' id='org.slf4j.jcl' version='1.7.2.v20130115-1340'>
      <properties size='1'>
        <property name='download.size' value='24216'/>
      </properties>
    </artifact>
    <artifact classifier='osgi.bundle' id='org.apache.lucene.queries' version='3.5.0.v20120725-1805'>
      <properties size='1'>
        <property name='download.size' value='55714'/>
      </properties>
    </artifact>
    <artifact classifier='osgi.bundle' id='org.apache.lucene.analysis' version='3.5.0.v20120725-1805'>
      <properties size='1'>
        <property name='download.size' value='909272'/>
      </properties>
    </artifact>
    <artifact classifier='osgi.bundle' id='org.eclipse.orion.client.core' version='2.0.0.v20140629-0222'>
      <properties size='1'>
        <property name='download.size' value='574939'/>
      </properties>
      <repositoryProperties size='1'>
        <property name='artifact.folder' value='true'/>
      </repositoryProperties>
    </artifact>
    <artifact classifier='org.eclipse.update.feature' id='org.eclipse.orion' version='6.0.0.v20140629-0222'>
      <properties size='1'>
        <property name='download.size' value='19219'/>
      </properties>
      <repositoryProperties size='1'>
        <property name='artifact.folder' value='true'/>
      </repositoryProperties>
    </artifact>
    <artifact classifier='osgi.bundle' id='javax.servlet' version='3.0.0.v201112011016'>
      <properties size='1'>
        <property name='download.size' value='201594'/>
      </properties>
    </artifact>
    <artifact classifier='osgi.bundle' id='org.apache.commons.httpclient' version='3.1.0.v201012070820'>
      <properties size='1'>
        <property name='download.size' value='321633'/>
      </properties>
    </artifact>
    <artifact classifier='osgi.bundle' id='org.eclipse.core.runtime' version='3.10.0.v20140318-2214'>
      <properties size='1'>
        <property name='download.size' value='75169'/>
      </properties>
    </artifact>
    <artifact classifier='osgi.bundle' id='org.eclipse.help.webapp' version='3.6.300.v20140407-1855'>
      <properties size='1'>
        <property name='download.size' value='613341'/>
      </properties>
    </artifact>
    <artifact classifier='osgi.bundle' id='org.eclipse.jetty.client' version='8.1.15.v20140411'>
      <properties size='1'>
        <property name='download.size' value='96405'/>
      </properties>
    </artifact>
    <artifact classifier='osgi.bundle' id='org.apache.felix.gogo.command' version='0.10.0.v201209301215'>
      <properties size='1'>
        <property name='download.size' value='57646'/>
      </properties>
    </artifact>
    <artifact classifier='osgi.bundle' id='org.eclipse.jetty.continuation' version='8.1.15.v20140411'>
      <properties size='1'>
        <property name='download.size' value='27555'/>
      </properties>
    </artifact>
    <artifact classifier='osgi.bundle' id='org.apache.xerces' version='2.9.0.v201101211617'>
      <properties size='1'>
        <property name='download.size' value='1303463'/>
      </properties>
    </artifact>
    <artifact classifier='osgi.bundle' id='org.apache.jasper.glassfish' version='2.2.2.v201205150955'>
      <properties size='1'>
        <property name='download.size' value='2383691'/>
      </properties>
    </artifact>
    <artifact classifier='org.eclipse.update.feature' id='org.eclipse.orion.server.search.feature' version='6.0.0.v20140530-2110'>
      <properties size='1'>
        <property name='download.size' value='19679'/>
      </properties>
      <repositoryProperties size='1'>
        <property name='artifact.folder' value='true'/>
      </repositoryProperties>
    </artifact>
    <artifact classifier='osgi.bundle' id='org.eclipse.orion.client.editor' version='1.0.0.v20140629-0222'>
      <properties size='1'>
        <property name='download.size' value='951632'/>
      </properties>
      <repositoryProperties size='1'>
        <property name='artifact.folder' value='true'/>
      </repositoryProperties>
    </artifact>
    <artifact classifier='osgi.bundle' id='org.eclipse.orion.server.search' version='1.0.0.v20140530-2110'>
      <properties size='1'>
        <property name='download.size' value='53604'/>
      </properties>
    </artifact>
    <artifact classifier='osgi.bundle' id='org.apache.lucene.grouping' version='3.5.0.v20120725-1805'>
      <properties size='1'>
        <property name='download.size' value='72923'/>
      </properties>
    </artifact>
    <artifact classifier='osgi.bundle' id='org.eclipse.core.expressions' version='3.4.600.v20140128-0851'>
      <properties size='1'>
        <property name='download.size' value='88716'/>
      </properties>
    </artifact>
    <artifact classifier='osgi.bundle' id='org.eclipse.jgit' version='3.4.0.201406041058-rc3'>
      <properties size='1'>
        <property name='download.size' value='1905325'/>
      </properties>
    </artifact>
    <artifact classifier='osgi.bundle' id='org.slf4j.jul' version='1.7.2.v20121108-1250'>
      <properties size='1'>
        <property name='download.size' value='11724'/>
      </properties>
    </artifact>
    <artifact classifier='osgi.bundle' id='org.apache.lucene.misc' version='3.5.0.v20120725-1805'>
      <properties size='1'>
        <property name='download.size' value='70395'/>
      </properties>
    </artifact>
    <artifact classifier='osgi.bundle' id='org.eclipse.orion.server.useradmin.simple' version='1.0.0.v20140606-2218'>
      <properties size='1'>
        <property name='download.size' value='26554'/>
      </properties>
    </artifact>
    <artifact classifier='osgi.bundle' id='ch.qos.logback.slf4j' version='1.0.7.v20121108-1250'>
      <properties size='1'>
        <property name='download.size' value='11053'/>
      </properties>
    </artifact>
    <artifact classifier='osgi.bundle' id='org.eclipse.osgi' version='3.10.0.v20140606-1445'>
      <properties size='1'>
        <property name='download.size' value='1264040'/>
      </properties>
    </artifact>
    <artifact classifier='org.eclipse.update.feature' id='org.eclipse.orion.client.feature' version='6.0.0.v20140629-0222'>
      <properties size='1'>
        <property name='download.size' value='15235'/>
      </properties>
      <repositoryProperties size='1'>
        <property name='artifact.folder' value='true'/>
      </repositoryProperties>
    </artifact>
    <artifact classifier='osgi.bundle' id='org.eclipse.equinox.registry' version='3.5.400.v20140428-1507'>
      <properties size='1'>
        <property name='download.size' value='183511'/>
      </properties>
    </artifact>
    <artifact classifier='osgi.bundle' id='org.eclipse.orion.client.users' version='1.0.0.v20140629-0222'>
      <properties size='1'>
        <property name='download.size' value='960745'/>
      </properties>
    </artifact>
    <artifact classifier='osgi.bundle' id='org.eclipse.jetty.http' version='8.1.15.v20140411'>
      <properties size='1'>
        <property name='download.size' value='103897'/>
      </properties>
    </artifact>
    <artifact classifier='osgi.bundle' id='org.eclipse.orion.doc.user' version='1.0.0.v20140507-1725'>
      <properties size='1'>
        <property name='download.size' value='2446483'/>
      </properties>
      <repositoryProperties size='1'>
        <property name='artifact.folder' value='true'/>
      </repositoryProperties>
    </artifact>
    <artifact classifier='osgi.bundle' id='org.eclipse.equinox.launcher' version='1.3.0.v20140415-2008'>
      <properties size='1'>
        <property name='download.size' value='50200'/>
      </properties>
    </artifact>
    <artifact classifier='osgi.bundle' id='org.apache.solr.core' version='3.5.0.v20120530-0900'>
      <properties size='1'>
        <property name='download.size' value='1559092'/>
      </properties>
    </artifact>
    <artifact classifier='osgi.bundle' id='org.eclipse.equinox.security' version='1.2.0.v20130424-1801'>
      <properties size='1'>
        <property name='download.size' value='107313'/>
      </properties>
    </artifact>
    <artifact classifier='osgi.bundle' id='com.ibm.icu' version='52.1.0.v201404241930'>
      <properties size='1'>
        <property name='download.size' value='10731781'/>
      </properties>
    </artifact>
    <artifact classifier='osgi.bundle' id='org.eclipse.core.filesystem.linux.x86_64' version='1.2.200.v20140124-1940'>
      <properties size='1'>
        <property name='download.size' value='10610'/>
      </properties>
    </artifact>
    <artifact classifier='osgi.bundle' id='org.eclipse.help' version='3.6.0.v20130326-1254'>
      <properties size='1'>
        <property name='download.size' value='258927'/>
      </properties>
    </artifact>
    <artifact classifier='osgi.bundle' id='org.apache.felix.gogo.shell' version='0.10.0.v201212101605'>
      <properties size='1'>
        <property name='download.size' value='60827'/>
      </properties>
    </artifact>
    <artifact classifier='osgi.bundle' id='org.eclipse.orion.doc.isv' version='1.0.0.v20140328-1941'>
      <properties size='1'>
        <property name='download.size' value='1472766'/>
      </properties>
      <repositoryProperties size='1'>
        <property name='artifact.folder' value='true'/>
      </repositoryProperties>
    </artifact>
    <artifact classifier='osgi.bundle' id='org.apache.xml.serializer' version='2.7.1.v201005080400'>
      <properties size='1'>
        <property name='download.size' value='293197'/>
      </properties>
    </artifact>
    <artifact classifier='osgi.bundle' id='org.json' version='1.0.0.v201011060100'>
      <properties size='1'>
        <property name='download.size' value='56700'/>
      </properties>
    </artifact>
    <artifact classifier='osgi.bundle' id='org.eclipse.jetty.servlet' version='8.1.15.v20140411'>
      <properties size='1'>
        <property name='download.size' value='109215'/>
      </properties>
    </artifact>
    <artifact classifier='org.eclipse.update.feature' id='org.eclipse.orion.base.feature' version='6.0.0.v20140606-1445'>
      <properties size='1'>
        <property name='download.size' value='20487'/>
      </properties>
      <repositoryProperties size='1'>
        <property name='artifact.folder' value='true'/>
      </repositoryProperties>
    </artifact>
    <artifact classifier='org.eclipse.update.feature' id='org.eclipse.orion.server.authentication.feature' version='6.0.0.v20140606-2218'>
      <properties size='1'>
        <property name='download.size' value='19556'/>
      </properties>
      <repositoryProperties size='1'>
        <property name='artifact.folder' value='true'/>
      </repositoryProperties>
    </artifact>
    <artifact classifier='osgi.bundle' id='javax.mail.glassfish' version='1.4.1.v201108011116'>
      <properties size='1'>
        <property name='download.size' value='492098'/>
      </properties>
    </artifact>
    <artifact classifier='osgi.bundle' id='org.eclipse.orion.server.useradmin' version='1.0.0.v20140613-1521'>
      <properties size='1'>
        <property name='download.size' value='53746'/>
      </properties>
    </artifact>
    <artifact classifier='osgi.bundle' id='org.eclipse.orion.client.javascript' version='1.0.0.v20140629-0222'>
      <properties size='1'>
        <property name='download.size' value='1430139'/>
      </properties>
      <repositoryProperties size='1'>
        <property name='artifact.folder' value='true'/>
      </repositoryProperties>
    </artifact>
    <artifact classifier='osgi.bundle' id='org.eclipse.equinox.launcher.gtk.linux.x86_64' version='1.1.200.v20140603-1326'>
      <properties size='1'>
        <property name='download.size' value='80930'/>
      </properties>
      <repositoryProperties size='1'>
        <property name='artifact.folder' value='true'/>
      </repositoryProperties>
    </artifact>
    <artifact classifier='osgi.bundle' id='org.eclipse.orion.server.npm' version='1.0.0.v20140602-1641'>
      <properties size='1'>
        <property name='download.size' value='17674'/>
      </properties>
    </artifact>
    <artifact classifier='osgi.bundle' id='org.eclipse.jetty.util' version='8.1.15.v20140411'>
      <properties size='1'>
        <property name='download.size' value='301779'/>
      </properties>
    </artifact>
    <artifact classifier='osgi.bundle' id='org.apache.xml.resolver' version='1.2.0.v201005080400'>
      <properties size='1'>
        <property name='download.size' value='96358'/>
      </properties>
    </artifact>
    <artifact classifier='osgi.bundle' id='org.eclipse.core.jobs' version='3.6.0.v20140424-0053'>
      <properties size='1'>
        <property name='download.size' value='97549'/>
      </properties>
    </artifact>
    <artifact classifier='osgi.bundle' id='javax.xml' version='1.3.4.v201005080400'>
      <properties size='1'>
        <property name='download.size' value='237996'/>
      </properties>
    </artifact>
    <artifact classifier='osgi.bundle' id='org.eclipse.help.base' version='4.0.200.v20140606-1215'>
      <properties size='1'>
        <property name='download.size' value='407128'/>
      </properties>
    </artifact>
    <artifact classifier='osgi.bundle' id='org.eclipse.equinox.jsp.jasper' version='1.0.400.v20130327-1442'>
      <properties size='1'>
        <property name='download.size' value='28124'/>
      </properties>
    </artifact>
    <artifact classifier='osgi.bundle' id='org.eclipse.equinox.console' version='1.1.0.v20140131-1639'>
      <properties size='1'>
        <property name='download.size' value='118678'/>
      </properties>
    </artifact>
    <artifact classifier='osgi.bundle' id='org.eclipse.equinox.http.registry' version='1.1.300.v20130402-1529'>
      <properties size='1'>
        <property name='download.size' value='45207'/>
      </properties>
    </artifact>
    <artifact classifier='osgi.bundle' id='org.eclipse.orion.server.authentication' version='1.0.0.v20140606-2218'>
      <properties size='1'>
        <property name='download.size' value='57779'/>
      </properties>
    </artifact>
    <artifact classifier='osgi.bundle' id='org.eclipse.orion.client.ui' version='2.0.0.v20140629-0222'>
      <properties size='1'>
        <property name='download.size' value='21899815'/>
      </properties>
      <repositoryProperties size='1'>
        <property name='artifact.folder' value='true'/>
      </repositoryProperties>
    </artifact>
    <artifact classifier='osgi.bundle' id='org.slf4j.log4j' version='1.7.2.v20130115-1340'>
      <properties size='1'>
        <property name='download.size' value='29754'/>
      </properties>
    </artifact>
    <artifact classifier='osgi.bundle' id='org.eclipse.equinox.util' version='1.0.500.v20130404-1337'>
      <properties size='1'>
        <property name='download.size' value='77932'/>
      </properties>
    </artifact>
    <artifact classifier='osgi.bundle' id='org.eclipse.orion.server.cf' version='1.0.0.v20140626-1421'>
      <properties size='1'>
        <property name='download.size' value='181105'/>
      </properties>
    </artifact>
    <artifact classifier='osgi.bundle' id='org.eclipse.osgi.services' version='3.4.0.v20140312-2051'>
      <properties size='1'>
        <property name='download.size' value='90686'/>
      </properties>
    </artifact>
    <artifact classifier='osgi.bundle' id='ch.qos.logback.classic' version='1.0.7.v20121108-1250'>
      <properties size='1'>
        <property name='download.size' value='262120'/>
      </properties>
    </artifact>
    <artifact classifier='osgi.bundle' id='org.eclipse.equinox.simpleconfigurator' version='1.1.0.v20131217-1203'>
      <properties size='1'>
        <property name='download.size' value='43387'/>
      </properties>
    </artifact>
    <artifact classifier='osgi.bundle' id='org.eclipse.jetty.servlets' version='8.1.15.v20140411'>
      <properties size='1'>
        <property name='download.size' value='103646'/>
      </properties>
    </artifact>
    <artifact classifier='osgi.bundle' id='org.apache.commons.fileupload' version='1.2.2.v20111214-1400'>
      <properties size='1'>
        <property name='download.size' value='66992'/>
      </properties>
    </artifact>
    <artifact classifier='osgi.bundle' id='org.eclipse.orion.server.core' version='1.0.0.v20140623-1625'>
      <properties size='1'>
        <property name='download.size' value='132723'/>
      </properties>
    </artifact>
    <artifact classifier='osgi.bundle' id='org.eclipse.orion.client.cf' version='1.0.0.v20140629-0222'>
      <properties size='1'>
        <property name='download.size' value='2230363'/>
      </properties>
      <repositoryProperties size='1'>
        <property name='artifact.folder' value='true'/>
      </repositoryProperties>
    </artifact>
    <artifact classifier='osgi.bundle' id='org.apache.lucene' version='3.5.0.v20120725-1805'>
      <properties size='1'>
        <property name='download.size' value='15835'/>
      </properties>
    </artifact>
    <artifact classifier='osgi.bundle' id='org.eclipse.orion.server.hosting' version='1.0.0.v20140625-1524'>
      <properties size='1'>
        <property name='download.size' value='39085'/>
      </properties>
    </artifact>
    <artifact classifier='osgi.bundle' id='org.openid4java' version='0.9.5.v201105210655'>
      <properties size='1'>
        <property name='download.size' value='202368'/>
      </properties>
    </artifact>
    <artifact classifier='osgi.bundle' id='org.eclipse.orion.server.git' version='1.0.0.v20140617-0916'>
      <properties size='1'>
        <property name='download.size' value='207001'/>
      </properties>
    </artifact>
    <artifact classifier='osgi.bundle' id='org.eclipse.jetty.security' version='8.1.15.v20140411'>
      <properties size='1'>
        <property name='download.size' value='98898'/>
      </properties>
    </artifact>
    <artifact classifier='osgi.bundle' id='org.apache.commons.codec' version='1.6.0.v201305230611'>
      <properties size='1'>
        <property name='download.size' value='258005'/>
      </properties>
    </artifact>
    <artifact classifier='osgi.bundle' id='org.apache.commons.logging' version='1.1.1.v201101211721'>
      <properties size='1'>
        <property name='download.size' value='68107'/>
      </properties>
    </artifact>
    <artifact classifier='osgi.bundle' id='org.eclipse.orion.server.user.securestorage' version='1.0.0.v20140530-2110'>
      <properties size='1'>
        <property name='download.size' value='25633'/>
      </properties>
    </artifact>
    <artifact classifier='osgi.bundle' id='org.eclipse.core.net' version='1.2.200.v20140124-2013'>
      <properties size='1'>
        <property name='download.size' value='70434'/>
      </properties>
    </artifact>
    <artifact classifier='osgi.bundle' id='org.apache.solr.client.solrj' version='3.5.0.v20120530-0900'>
      <properties size='1'>
        <property name='download.size' value='280151'/>
      </properties>
    </artifact>
    <artifact classifier='osgi.bundle' id='org.cyberneko.html' version='1.9.14.v201105210654'>
      <properties size='1'>
        <property name='download.size' value='134222'/>
      </properties>
    </artifact>
    <artifact classifier='osgi.bundle' id='org.apache.lucene.core' version='3.5.0.v20120725-1805'>
      <properties size='1'>
        <property name='download.size' value='1550773'/>
      </properties>
    </artifact>
    <artifact classifier='osgi.bundle' id='org.eclipse.equinox.http.servlet' version='1.1.500.v20140318-1755'>
      <properties size='1'>
        <property name='download.size' value='44976'/>
      </properties>
    </artifact>
    <artifact classifier='osgi.bundle' id='javax.servlet.jsp' version='2.2.0.v201112011158'>
      <properties size='1'>
        <property name='download.size' value='107235'/>
      </properties>
    </artifact>
    <artifact classifier='osgi.bundle' id='org.eclipse.equinox.common' version='3.6.200.v20130402-1505'>
      <properties size='1'>
        <property name='download.size' value='106701'/>
      </properties>
    </artifact>
    <artifact classifier='osgi.bundle' id='org.eclipse.core.contenttype' version='3.4.200.v20140207-1251'>
      <properties size='1'>
        <property name='download.size' value='93948'/>
      </properties>
    </artifact>
    <artifact classifier='osgi.bundle' id='org.eclipse.orion.server.events' version='1.0.0.v20140529-2003'>
      <properties size='1'>
        <property name='download.size' value='145445'/>
      </properties>
    </artifact>
    <artifact classifier='osgi.bundle' id='org.eclipse.jetty.server' version='8.1.15.v20140411'>
      <properties size='1'>
        <property name='download.size' value='373170'/>
      </properties>
    </artifact>
    <artifact classifier='osgi.bundle' id='org.apache.lucene.spatial' version='3.5.0.v20120725-1805'>
      <properties size='1'>
        <property name='download.size' value='68584'/>
      </properties>
    </artifact>
    <artifact classifier='osgi.bundle' id='javax.activation' version='1.1.0.v201211130549'>
      <properties size='1'>
        <property name='download.size' value='55674'/>
      </properties>
    </artifact>
    <artifact classifier='osgi.bundle' id='org.slf4j.api' version='1.7.2.v20121108-1250'>
      <properties size='1'>
        <property name='download.size' value='35173'/>
      </properties>
    </artifact>
    <artifact classifier='osgi.bundle' id='org.eclipse.orion.server.docker' version='1.0.0.v20140521-1505'>
      <properties size='1'>
        <property name='download.size' value='812971'/>
      </properties>
    </artifact>
    <artifact classifier='osgi.bundle' id='org.eclipse.core.filesystem' version='1.4.100.v20140514-1614'>
      <properties size='1'>
        <property name='download.size' value='58234'/>
      </properties>
    </artifact>
    <artifact classifier='osgi.bundle' id='org.eclipse.equinox.app' version='1.3.200.v20130910-1609'>
      <properties size='1'>
        <property name='download.size' value='86245'/>
      </properties>
    </artifact>
    <artifact classifier='osgi.bundle' id='org.eclipse.equinox.ds' version='1.4.200.v20131126-2331'>
      <properties size='1'>
        <property name='download.size' value='194802'/>
      </properties>
    </artifact>
    <artifact classifier='osgi.bundle' id='org.eclipse.jetty.io' version='8.1.15.v20140411'>
      <properties size='1'>
        <property name='download.size' value='114879'/>
      </properties>
    </artifact>
    <artifact classifier='osgi.bundle' id='org.apache.commons.compress' version='1.6.0.v201310281400'>
      <properties size='1'>
        <property name='download.size' value='331411'/>
      </properties>
    </artifact>
    <artifact classifier='osgi.bundle' id='org.apache.commons.io' version='2.2.0.v201405211200'>
      <properties size='1'>
        <property name='download.size' value='194676'/>
      </properties>
    </artifact>
    <artifact classifier='osgi.bundle' id='com.sun.el' version='2.2.0.v201303151357'>
      <properties size='1'>
        <property name='download.size' value='137042'/>
      </properties>
    </artifact>
    <artifact classifier='osgi.bundle' id='org.eclipse.equinox.preferences' version='3.5.200.v20140224-1527'>
      <properties size='1'>
        <property name='download.size' value='127161'/>
      </properties>
    </artifact>
    <artifact classifier='osgi.bundle' id='javax.el' version='2.2.0.v201303151357'>
      <properties size='1'>
        <property name='download.size' value='56002'/>
      </properties>
    </artifact>
    <artifact classifier='osgi.bundle' id='org.eclipse.orion.server.logback.config' version='1.0.0.v20140530-2110'>
      <properties size='1'>
        <property name='download.size' value='9432'/>
      </properties>
    </artifact>
    <artifact classifier='osgi.bundle' id='org.eclipse.orion.server.logs' version='1.0.0.v20140613-1921'>
      <properties size='1'>
        <property name='download.size' value='56141'/>
      </properties>
    </artifact>
    <artifact classifier='osgi.bundle' id='org.eclipse.equinox.http.jetty' version='3.0.200.v20131021-1843'>
      <properties size='1'>
        <property name='download.size' value='25190'/>
      </properties>
    </artifact>
    <artifact classifier='osgi.bundle' id='org.eclipse.orion.server.servlets' version='1.0.0.v20140625-1524'>
      <properties size='1'>
        <property name='download.size' value='161597'/>
      </properties>
    </artifact>
    <artifact classifier='osgi.bundle' id='org.eclipse.equinox.jsp.jasper.registry' version='1.0.300.v20130327-1442'>
      <properties size='1'>
        <property name='download.size' value='12190'/>
      </properties>
    </artifact>
    <artifact classifier='osgi.bundle' id='org.eclipse.orion.client.git' version='1.0.0.v20140629-0222'>
      <properties size='1'>
        <property name='download.size' value='8020188'/>
      </properties>
      <repositoryProperties size='1'>
        <property name='artifact.folder' value='true'/>
      </repositoryProperties>
    </artifact>
  </artifacts>
</repository>
