<?xml version="1.0" encoding="UTF-8"?>
<feature
      id="org.eclipse.orion.server.search.feature"
      label="%featureName"
      version="6.0.0.v20140530-2110"
      provider-name="%providerName"
      plugin="org.eclipse.orion.server.search">

   <description>
      %description
   </description>

   <copyright>
      %copyright
   </copyright>

   <license url="%licenseURL">
      %license
   </license>

   <requires>
      <import feature="org.eclipse.orion.server.feature" version="6.0.0.qualifier"/>
   </requires>

   <plugin
         id="org.eclipse.orion.server.search"
         download-size="52"
         install-size="121"
         version="1.0.0.v20140530-2110"
         unpack="false"/>

   <plugin
         id="org.apache.solr.client.solrj"
         download-size="273"
         install-size="585"
         version="3.5.0.v20120530-0900"
         unpack="false"/>

   <plugin
         id="org.apache.solr.core"
         download-size="1522"
         install-size="3159"
         version="3.5.0.v20120530-0900"
         unpack="false"/>

   <plugin
         id="org.apache.lucene.analysis"
         download-size="887"
         install-size="1774"
         version="3.5.0.v20120725-1805"
         unpack="false"/>

   <plugin
         id="org.apache.lucene.core"
         download-size="1514"
         install-size="3049"
         version="3.5.0.v20120725-1805"
         unpack="false"/>

   <plugin
         id="org.apache.lucene.highlighter"
         download-size="98"
         install-size="206"
         version="3.5.0.v20121015-1317"
         unpack="false"/>

   <plugin
         id="org.apache.lucene.memory"
         download-size="37"
         install-size="81"
         version="3.5.0.v20120725-1805"
         unpack="false"/>

   <plugin
         id="org.apache.lucene.misc"
         download-size="68"
         install-size="135"
         version="3.5.0.v20120725-1805"
         unpack="false"/>

   <plugin
         id="org.apache.lucene.queries"
         download-size="54"
         install-size="111"
         version="3.5.0.v20120725-1805"
         unpack="false"/>

   <plugin
         id="org.apache.lucene.spellchecker"
         download-size="72"
         install-size="142"
         version="3.5.0.v20120725-1805"
         unpack="false"/>

   <plugin
         id="org.apache.commons.fileupload"
         download-size="65"
         install-size="122"
         version="1.2.2.v20111214-1400"
         unpack="false"/>

   <plugin
         id="org.apache.lucene.grouping"
         download-size="71"
         install-size="151"
         version="3.5.0.v20120725-1805"
         unpack="false"/>

   <plugin
         id="org.apache.lucene.spatial"
         download-size="66"
         install-size="127"
         version="3.5.0.v20120725-1805"
         unpack="false"/>

   <plugin
         id="org.apache.lucene"
         download-size="15"
         install-size="34"
         version="3.5.0.v20120725-1805"
         unpack="false"/>

</feature>
